date,qind,qdist,qtotal
2017-07-01,0.0,0.0,0.0
2017-07-02,0.0,0.0,0.0
2017-07-03,0.0,0.0,0.0
2017-07-04,0.0,0.0,0.0
2017-07-05,0.0,0.0,0.0
2017-07-06,0.0,0.0,0.0
2017-07-07,0.0,0.0,0.0
2017-07-08,0.0,0.0,0.0
2017-07-09,0.0,0.0,0.0
2017-07-10,0.0,0.0,0.0
2017-07-11,0.0,0.0,0.0
2017-07-12,0.0,0.0,0.0
2017-07-13,0.0,0.0,0.0
2017-07-14,0.0,0.0,0.0
2017-07-15,0.0,0.0,0.0
2017-07-16,0.0,0.0,0.0
2017-07-17,0.0,0.0,0.0
2017-07-18,0.0,0.0,0.0
2017-07-19,0.0,0.0,0.0
2017-07-20,0.0,0.0,0.0
2017-07-21,0.0,0.0,0.0
2017-07-22,0.0,0.0,0.0
2017-07-23,0.0,0.0,0.0
2017-07-24,0.0,0.0,0.0
2017-07-25,0.0,0.0,0.0
2017-07-26,0.0,0.0,0.0
2017-07-27,0.0,0.0,0.0
2017-07-28,0.0,0.0,0.0
2017-07-29,0.0,0.0,0.0
2017-07-30,0.0,0.0,0.0
2017-07-31,0.0,0.0,0.0
2017-08-01,0.0,0.0,0.0
2017-08-02,0.0,0.0,0.0
2017-08-03,0.0,0.0,0.0
2017-08-04,0.0,0.0,0.0
2017-08-05,0.0,0.0,0.0
2017-08-06,0.0,0.0,0.0
2017-08-07,0.0,0.0,0.0
2017-08-08,0.0,0.0,0.0
2017-08-09,0.0,0.0,0.0
2017-08-10,0.0,0.0,0.0
2017-08-11,0.0,0.0,0.0
2017-08-12,0.0,0.0,0.0
2017-08-13,0.0,0.0,0.0
2017-08-14,0.0,0.0,0.0
2017-08-15,0.0,0.0,0.0
2017-08-16,0.0,0.0,0.0
2017-08-17,0.0,0.0,0.0
2017-08-18,0.0,0.0,0.0
2017-08-19,0.0,0.0,0.0
2017-08-20,0.0,0.0,0.0
2017-08-21,0.0,0.0,0.0
2017-08-22,0.0,0.0,0.0
2017-08-23,0.0,0.0,0.0
2017-08-24,0.0,0.0,0.0
2017-08-25,0.0,0.0,0.0
2017-08-26,0.0,0.0,0.0
2017-08-27,0.0,0.0,0.0
2017-08-28,0.0,0.0,0.0
2017-08-29,0.0,0.0,0.0
2017-08-30,0.0,0.0,0.0
2017-08-31,0.0,0.0,0.0
2017-09-01,0.0,0.0,0.0
2017-09-02,0.0,0.0,0.0
2017-09-03,0.0,0.0,0.0
2017-09-04,0.0,0.0,0.0
2017-09-05,0.0,0.0,0.0
2017-09-06,0.0,0.0,0.0
2017-09-07,0.0,0.0,0.0
2017-09-08,0.0,0.0,0.0
2017-09-09,0.0,0.0,0.0
2017-09-10,0.0,0.0,0.0
2017-09-11,0.0,0.0,0.0
2017-09-12,0.0,0.0,0.0
2017-09-13,0.0,0.0,0.0
2017-09-14,0.0,0.0,0.0
2017-09-15,0.0,0.0,0.0
2017-09-16,0.0,0.0,0.0
2017-09-17,0.0,0.0,0.0
2017-09-18,0.0,0.0,0.0
2017-09-19,0.0,0.0,0.0
2017-09-20,0.0,0.0,0.0
2017-09-21,0.0,0.0,0.0
2017-09-22,0.0,0.0,0.0
2017-09-23,0.0,0.0,0.0
2017-09-24,0.0,0.0,0.0
2017-09-25,0.0,0.0,0.0
2017-09-26,0.0,0.0,0.0
2017-09-27,0.0,0.0,0.0
2017-09-28,0.0,0.0,0.0
2017-09-29,0.0,0.0,0.0
2017-09-30,0.0,0.0,0.0
2017-10-01,0.0,0.0,0.0
2017-10-02,0.0,0.0,0.0
2017-10-03,0.0,0.0,0.0
2017-10-04,0.0,0.0,0.0
2017-10-05,0.0,0.0,0.0
2017-10-06,0.0,0.0,0.0
2017-10-07,0.0,0.0,0.0
2017-10-08,0.0,0.0,0.0
2017-10-09,0.0,0.0,0.0
2017-10-10,0.0,0.0,0.0
2017-10-11,0.0,0.0,0.0
2017-10-12,0.0,0.0,0.0
2017-10-13,0.0,0.0,0.0
2017-10-14,0.0,0.0,0.0
2017-10-15,0.0,0.0,0.0
2017-10-16,0.0,0.0,0.0
2017-10-17,0.0,0.0,0.0
2017-10-18,0.0,0.0,0.0
2017-10-19,0.0,0.0,0.0
2017-10-20,0.0,0.0,0.0
2017-10-21,0.0,0.0,0.0
2017-10-22,0.0,0.0,0.0
2017-10-23,0.0,0.0,0.0
2017-10-24,0.0,0.0,0.0
2017-10-25,0.0,0.0,0.0
2017-10-26,0.0,0.0,0.0
2017-10-27,0.0,0.0,0.0
2017-10-28,0.0,0.0,0.0
2017-10-29,0.0,0.0,0.0
2017-10-30,0.0,0.0,0.0
2017-10-31,0.0,0.0,0.0
2017-11-01,0.0,0.0,0.0
2017-11-02,1.0,0.0,1.0
2017-11-03,0.0,0.0,0.0
2017-11-04,0.0,0.0,0.0
2017-11-05,0.0,0.0,0.0
2017-11-06,0.0,0.0,0.0
2017-11-07,0.0,0.0,0.0
2017-11-08,0.0,0.0,0.0
2017-11-09,164.0,225.0,389.0
2017-11-10,195.0,310.0,505.0
2017-11-11,62.0,215.0,277.0
2017-11-12,47.0,90.0,137.0
2017-11-13,72.0,330.0,402.0
2017-11-14,69.0,285.0,354.0
2017-11-15,51.0,190.0,241.0
2017-11-16,55.0,420.0,475.0
2017-11-17,27.0,175.0,202.0
2017-11-18,21.0,65.0,86.0
2017-11-19,23.0,60.0,83.0
2017-11-20,36.0,320.0,356.0
2017-11-21,31.0,325.0,356.0
2017-11-22,34.0,420.0,454.0
2017-11-23,49.0,215.0,264.0
2017-11-24,43.0,130.0,173.0
2017-11-25,11.0,85.0,96.0
2017-11-26,33.0,30.0,63.0
2017-11-27,51.0,345.0,396.0
2017-11-28,30.0,170.0,200.0
2017-11-29,32.0,335.0,367.0
2017-11-30,43.0,130.0,173.0
2017-12-01,39.0,145.0,184.0
2017-12-02,25.0,140.0,165.0
2017-12-03,16.0,65.0,81.0
2017-12-04,28.0,65.0,93.0
2017-12-05,39.0,490.0,529.0
2017-12-06,52.0,350.0,402.0
2017-12-07,82.0,375.0,457.0
2017-12-08,53.0,215.0,268.0
2017-12-09,22.0,10.0,32.0
2017-12-10,23.0,30.0,53.0
2017-12-11,37.0,60.0,97.0
2017-12-12,52.0,95.0,147.0
2017-12-13,26.0,45.0,71.0
2017-12-14,55.0,60.0,115.0
2017-12-15,47.0,0.0,47.0
2017-12-16,23.0,0.0,23.0
2017-12-17,23.0,0.0,23.0
2017-12-18,37.0,0.0,37.0
2017-12-19,64.0,15.0,79.0
2017-12-20,85.0,0.0,85.0
2017-12-21,56.0,0.0,56.0
2017-12-22,57.0,0.0,57.0
2017-12-23,29.0,15.0,44.0
2017-12-24,26.0,0.0,26.0
2017-12-25,16.0,0.0,16.0
2017-12-26,64.0,10.0,74.0
2017-12-27,28.0,30.0,58.0
2017-12-28,0.0,0.0,0.0
2017-12-29,0.0,50.0,50.0
2017-12-30,0.0,0.0,0.0
2017-12-31,0.0,0.0,0.0
2018-01-01,0.0,0.0,0.0
2018-01-02,0.0,0.0,0.0
2018-01-03,0.0,0.0,0.0
2018-01-04,0.0,0.0,0.0
2018-01-05,0.0,0.0,0.0
2018-01-06,0.0,0.0,0.0
2018-01-07,0.0,0.0,0.0
2018-01-08,0.0,0.0,0.0
2018-01-09,0.0,0.0,0.0
2018-01-10,0.0,0.0,0.0
2018-01-11,0.0,0.0,0.0
2018-01-12,0.0,0.0,0.0
2018-01-13,0.0,0.0,0.0
2018-01-14,0.0,0.0,0.0
2018-01-15,0.0,0.0,0.0
2018-01-16,0.0,0.0,0.0
2018-01-17,0.0,0.0,0.0
2018-01-18,0.0,0.0,0.0
2018-01-19,0.0,0.0,0.0
2018-01-20,0.0,0.0,0.0
2018-01-21,0.0,0.0,0.0
2018-01-22,0.0,0.0,0.0
2018-01-23,0.0,0.0,0.0
2018-01-24,0.0,0.0,0.0
2018-01-25,0.0,0.0,0.0
2018-01-26,0.0,0.0,0.0
2018-01-27,0.0,0.0,0.0
2018-01-28,0.0,0.0,0.0
2018-01-29,0.0,0.0,0.0
2018-01-30,0.0,195.0,195.0
2018-01-31,249.0,280.0,529.0
2018-02-01,95.0,140.0,235.0
2018-02-02,41.0,115.0,156.0
2018-02-03,28.0,110.0,138.0
2018-02-04,22.0,40.0,62.0
2018-02-05,42.0,240.0,282.0
2018-02-06,50.0,120.0,170.0
2018-02-07,32.0,55.0,87.0
2018-02-08,21.0,45.0,66.0
2018-02-09,19.0,55.0,74.0
2018-02-10,10.0,20.0,30.0
2018-02-11,7.0,0.0,7.0
2018-02-12,12.0,45.0,57.0
2018-02-13,7.0,60.0,67.0
2018-02-14,18.0,50.0,68.0
2018-02-15,26.0,105.0,131.0
2018-02-16,25.0,140.0,165.0
2018-02-17,18.0,20.0,38.0
2018-02-18,17.0,0.0,17.0
2018-02-19,22.0,75.0,97.0
2018-02-20,16.0,95.0,111.0
2018-02-21,25.0,30.0,55.0
2018-02-22,25.0,0.0,25.0
2018-02-23,24.0,20.0,44.0
2018-02-24,22.0,25.0,47.0
2018-02-25,14.0,0.0,14.0
2018-02-26,32.0,70.0,102.0
2018-02-27,51.0,80.0,131.0
2018-02-28,53.0,65.0,118.0
2018-03-01,46.0,0.0,46.0
2018-03-02,9.0,0.0,9.0
2018-03-03,0.0,10.0,10.0
2018-03-04,0.0,0.0,0.0
2018-03-05,0.0,0.0,0.0
2018-03-06,0.0,0.0,0.0
2018-03-07,0.0,0.0,0.0
2018-03-08,0.0,0.0,0.0
2018-03-09,0.0,0.0,0.0
2018-03-10,0.0,0.0,0.0
2018-03-11,0.0,0.0,0.0
2018-03-12,0.0,0.0,0.0
2018-03-13,0.0,0.0,0.0
2018-03-14,0.0,0.0,0.0
2018-03-15,0.0,0.0,0.0
2018-03-16,0.0,0.0,0.0
2018-03-17,0.0,0.0,0.0
2018-03-18,0.0,0.0,0.0
2018-03-19,0.0,0.0,0.0
2018-03-20,0.0,0.0,0.0
2018-03-21,0.0,15.0,15.0
2018-03-22,0.0,0.0,0.0
2018-03-23,0.0,0.0,0.0
2018-03-24,0.0,0.0,0.0
2018-03-25,0.0,0.0,0.0
2018-03-26,0.0,0.0,0.0
2018-03-27,0.0,0.0,0.0
2018-03-28,0.0,0.0,0.0
2018-03-29,0.0,0.0,0.0
2018-03-30,0.0,0.0,0.0
2018-03-31,0.0,0.0,0.0
2018-04-01,0.0,0.0,0.0
2018-04-02,0.0,0.0,0.0
2018-04-03,0.0,0.0,0.0
2018-04-04,0.0,0.0,0.0
2018-04-05,0.0,0.0,0.0
2018-04-06,0.0,0.0,0.0
2018-04-07,0.0,0.0,0.0
2018-04-08,0.0,0.0,0.0
2018-04-09,0.0,0.0,0.0
2018-04-10,0.0,0.0,0.0
2018-04-11,0.0,0.0,0.0
2018-04-12,0.0,0.0,0.0
2018-04-13,0.0,0.0,0.0
2018-04-14,0.0,0.0,0.0
2018-04-15,0.0,0.0,0.0
2018-04-16,0.0,0.0,0.0
2018-04-17,0.0,0.0,0.0
2018-04-18,0.0,0.0,0.0
2018-04-19,0.0,0.0,0.0
2018-04-20,0.0,0.0,0.0
2018-04-21,0.0,0.0,0.0
2018-04-22,0.0,0.0,0.0
2018-04-23,0.0,0.0,0.0
2018-04-24,0.0,0.0,0.0
2018-04-25,0.0,0.0,0.0
2018-04-26,0.0,0.0,0.0
2018-04-27,0.0,0.0,0.0
2018-04-28,0.0,0.0,0.0
2018-04-29,0.0,0.0,0.0
2018-04-30,0.0,0.0,0.0
2018-05-01,0.0,0.0,0.0
2018-05-02,0.0,0.0,0.0
2018-05-03,0.0,0.0,0.0
2018-05-04,0.0,0.0,0.0
2018-05-05,0.0,0.0,0.0
2018-05-06,0.0,0.0,0.0
2018-05-07,0.0,0.0,0.0
2018-05-08,0.0,0.0,0.0
2018-05-09,0.0,0.0,0.0
2018-05-10,0.0,0.0,0.0
2018-05-11,0.0,0.0,0.0
2018-05-12,0.0,0.0,0.0
2018-05-13,0.0,0.0,0.0
2018-05-14,0.0,0.0,0.0
2018-05-15,0.0,0.0,0.0
2018-05-16,0.0,0.0,0.0
2018-05-17,0.0,0.0,0.0
2018-05-18,0.0,0.0,0.0
2018-05-19,0.0,0.0,0.0
2018-05-20,0.0,0.0,0.0
2018-05-21,0.0,0.0,0.0
2018-05-22,0.0,0.0,0.0
2018-05-23,0.0,0.0,0.0
2018-05-24,0.0,0.0,0.0
2018-05-25,0.0,0.0,0.0
2018-05-26,0.0,0.0,0.0
2018-05-27,0.0,0.0,0.0
2018-05-28,0.0,0.0,0.0
2018-05-29,0.0,0.0,0.0
2018-05-30,0.0,0.0,0.0
2018-05-31,0.0,0.0,0.0
2018-06-01,0.0,0.0,0.0
2018-06-02,0.0,0.0,0.0
2018-06-03,0.0,0.0,0.0
2018-06-04,0.0,0.0,0.0
2018-06-05,0.0,0.0,0.0
2018-06-06,0.0,0.0,0.0
2018-06-07,0.0,0.0,0.0
2018-06-08,0.0,0.0,0.0
2018-06-09,0.0,0.0,0.0
2018-06-10,0.0,0.0,0.0
2018-06-11,0.0,0.0,0.0
2018-06-12,0.0,0.0,0.0
2018-06-13,0.0,0.0,0.0
2018-06-14,0.0,0.0,0.0
2018-06-15,0.0,0.0,0.0
2018-06-16,0.0,0.0,0.0
2018-06-17,0.0,0.0,0.0
2018-06-18,0.0,0.0,0.0
2018-06-19,0.0,0.0,0.0
2018-06-20,0.0,0.0,0.0
2018-06-21,0.0,0.0,0.0
2018-06-22,0.0,0.0,0.0
2018-06-23,0.0,0.0,0.0
2018-06-24,0.0,0.0,0.0
2018-06-25,0.0,0.0,0.0
2018-06-26,0.0,0.0,0.0
2018-06-27,0.0,0.0,0.0
2018-06-28,0.0,0.0,0.0
2018-06-29,0.0,0.0,0.0
2018-06-30,0.0,0.0,0.0
2018-07-01,0.0,0.0,0.0
2018-07-02,0.0,0.0,0.0
2018-07-03,0.0,0.0,0.0
2018-07-04,0.0,0.0,0.0
2018-07-05,0.0,0.0,0.0
2018-07-06,0.0,0.0,0.0
2018-07-07,0.0,0.0,0.0
2018-07-08,0.0,0.0,0.0
2018-07-09,0.0,0.0,0.0
2018-07-10,0.0,0.0,0.0
2018-07-11,0.0,0.0,0.0
2018-07-12,0.0,0.0,0.0
2018-07-13,0.0,0.0,0.0
2018-07-14,0.0,0.0,0.0
2018-07-15,0.0,0.0,0.0
2018-07-16,0.0,0.0,0.0
2018-07-17,0.0,0.0,0.0
2018-07-18,0.0,0.0,0.0
2018-07-19,0.0,0.0,0.0
2018-07-20,0.0,0.0,0.0
2018-07-21,0.0,0.0,0.0
2018-07-22,0.0,0.0,0.0
2018-07-23,0.0,0.0,0.0
2018-07-24,0.0,0.0,0.0
2018-07-25,0.0,0.0,0.0
2018-07-26,0.0,0.0,0.0
2018-07-27,0.0,0.0,0.0
2018-07-28,0.0,0.0,0.0
2018-07-29,0.0,0.0,0.0
2018-07-30,0.0,0.0,0.0
2018-07-31,0.0,0.0,0.0
2018-08-01,0.0,0.0,0.0
2018-08-02,0.0,0.0,0.0
2018-08-03,0.0,0.0,0.0
2018-08-04,0.0,0.0,0.0
2018-08-05,0.0,0.0,0.0
2018-08-06,0.0,0.0,0.0
2018-08-07,0.0,0.0,0.0
2018-08-08,0.0,0.0,0.0
2018-08-09,0.0,0.0,0.0
2018-08-10,0.0,0.0,0.0
2018-08-11,0.0,0.0,0.0
2018-08-12,0.0,0.0,0.0
2018-08-13,0.0,0.0,0.0
2018-08-14,0.0,0.0,0.0
2018-08-15,0.0,0.0,0.0
2018-08-16,0.0,0.0,0.0
2018-08-17,0.0,0.0,0.0
2018-08-18,0.0,0.0,0.0
2018-08-19,0.0,0.0,0.0
2018-08-20,0.0,0.0,0.0
2018-08-21,0.0,0.0,0.0
2018-08-22,0.0,0.0,0.0
2018-08-23,0.0,0.0,0.0
2018-08-24,0.0,0.0,0.0
2018-08-25,0.0,0.0,0.0
2018-08-26,0.0,0.0,0.0
2018-08-27,0.0,0.0,0.0
2018-08-28,0.0,0.0,0.0
2018-08-29,0.0,0.0,0.0
2018-08-30,0.0,0.0,0.0
2018-08-31,0.0,0.0,0.0
2018-09-01,0.0,0.0,0.0
2018-09-02,0.0,0.0,0.0
2018-09-03,0.0,0.0,0.0
2018-09-04,0.0,0.0,0.0
2018-09-05,0.0,0.0,0.0
2018-09-06,0.0,0.0,0.0
2018-09-07,0.0,0.0,0.0
2018-09-08,0.0,0.0,0.0
2018-09-09,0.0,0.0,0.0
2018-09-10,0.0,0.0,0.0
2018-09-11,0.0,0.0,0.0
2018-09-12,0.0,0.0,0.0
2018-09-13,0.0,0.0,0.0
2018-09-14,0.0,0.0,0.0
2018-09-15,0.0,0.0,0.0
2018-09-16,0.0,0.0,0.0
2018-09-17,0.0,0.0,0.0
2018-09-18,0.0,0.0,0.0
2018-09-19,0.0,0.0,0.0
2018-09-20,0.0,0.0,0.0
2018-09-21,0.0,0.0,0.0
2018-09-22,0.0,0.0,0.0
2018-09-23,0.0,0.0,0.0
2018-09-24,0.0,0.0,0.0
2018-09-25,0.0,0.0,0.0
2018-09-26,0.0,0.0,0.0
2018-09-27,0.0,0.0,0.0
2018-09-28,0.0,0.0,0.0
2018-09-29,0.0,0.0,0.0
2018-09-30,0.0,0.0,0.0
2018-10-01,0.0,0.0,0.0
2018-10-02,0.0,0.0,0.0
2018-10-03,0.0,0.0,0.0
2018-10-04,0.0,0.0,0.0
2018-10-05,0.0,0.0,0.0
2018-10-06,0.0,0.0,0.0
2018-10-07,0.0,0.0,0.0
2018-10-08,0.0,0.0,0.0
2018-10-09,0.0,0.0,0.0
2018-10-10,0.0,0.0,0.0
2018-10-11,0.0,0.0,0.0
2018-10-12,0.0,0.0,0.0
2018-10-13,0.0,0.0,0.0
2018-10-14,0.0,0.0,0.0
2018-10-15,0.0,0.0,0.0
2018-10-16,0.0,0.0,0.0
2018-10-17,0.0,0.0,0.0
2018-10-18,0.0,0.0,0.0
2018-10-19,0.0,0.0,0.0
2018-10-20,0.0,0.0,0.0
2018-10-21,0.0,0.0,0.0
2018-10-22,0.0,0.0,0.0
2018-10-23,0.0,0.0,0.0
2018-10-24,0.0,0.0,0.0
2018-10-25,0.0,0.0,0.0
2018-10-26,0.0,0.0,0.0
2018-10-27,0.0,0.0,0.0
2018-10-28,0.0,0.0,0.0
2018-10-29,0.0,0.0,0.0
2018-10-30,0.0,0.0,0.0
2018-10-31,0.0,0.0,0.0
2018-11-01,0.0,0.0,0.0
2018-11-02,0.0,0.0,0.0
2018-11-03,0.0,0.0,0.0
2018-11-04,0.0,0.0,0.0
2018-11-05,0.0,0.0,0.0
2018-11-06,0.0,0.0,0.0
2018-11-07,0.0,0.0,0.0
2018-11-08,0.0,0.0,0.0
2018-11-09,0.0,0.0,0.0
2018-11-10,0.0,0.0,0.0
2018-11-11,0.0,0.0,0.0
2018-11-12,619.0,3612.0,4231.0
2018-11-13,408.0,2000.0,2408.0
2018-11-14,153.0,812.0,965.0
2018-11-15,69.0,208.0,277.0
2018-11-16,94.0,396.0,490.0
2018-11-17,40.0,234.0,274.0
2018-11-18,58.0,118.0,176.0
2018-11-19,118.0,736.0,854.0
2018-11-20,53.0,442.0,495.0
2018-11-21,84.0,444.0,528.0
2018-11-22,71.0,266.0,337.0
2018-11-23,62.0,226.0,288.0
2018-11-24,27.0,92.0,119.0
2018-11-25,47.0,188.0,235.0
2018-11-26,78.0,240.0,318.0
2018-11-27,74.0,288.0,362.0
2018-11-28,49.0,382.0,431.0
2018-11-29,89.0,328.0,417.0
2018-11-30,70.0,262.0,332.0
2018-12-01,55.0,128.0,183.0
2018-12-02,72.0,170.0,242.0
2018-12-03,130.0,454.0,584.0
2018-12-04,108.0,388.0,496.0
2018-12-05,87.0,262.0,349.0
2018-12-06,106.0,272.0,378.0
2018-12-07,96.0,260.0,356.0
2018-12-08,60.0,78.0,138.0
2018-12-09,65.0,52.0,117.0
2018-12-10,130.0,520.0,650.0
2018-12-11,121.0,384.0,505.0
2018-12-12,142.0,276.0,418.0
2018-12-13,101.0,224.0,325.0
2018-12-14,65.0,322.0,387.0
2018-12-15,47.0,84.0,131.0
2018-12-16,54.0,54.0,108.0
2018-12-17,74.0,204.0,278.0
2018-12-18,51.0,112.0,163.0
2018-12-19,111.0,454.0,565.0
2018-12-20,84.0,132.0,216.0
2018-12-21,61.0,122.0,183.0
2018-12-22,56.0,168.0,224.0
2018-12-23,56.0,86.0,142.0
2018-12-24,43.0,26.0,69.0
2018-12-25,40.0,90.0,130.0
2018-12-26,100.0,174.0,274.0
2018-12-27,187.0,304.0,491.0
2018-12-28,45.0,0.0,45.0
2018-12-29,0.0,0.0,0.0
2018-12-30,0.0,0.0,0.0
2018-12-31,0.0,0.0,0.0
2019-01-01,0.0,0.0,0.0
2019-01-02,0.0,0.0,0.0
2019-01-03,0.0,0.0,0.0
2019-01-04,0.0,0.0,0.0
2019-01-05,0.0,0.0,0.0
2019-01-06,0.0,0.0,0.0
2019-01-07,0.0,0.0,0.0
2019-01-08,0.0,0.0,0.0
2019-01-09,0.0,0.0,0.0
2019-01-10,0.0,0.0,0.0
2019-01-11,0.0,0.0,0.0
2019-01-12,0.0,0.0,0.0
2019-01-13,232.0,2056.0,2288.0
2019-01-14,0.0,0.0,0.0
2019-01-15,0.0,0.0,0.0
2019-01-16,0.0,10.0,10.0
2019-01-17,222.0,0.0,222.0
2019-01-18,1.0,52.0,53.0
2019-01-19,0.0,0.0,0.0
2019-01-20,0.0,0.0,0.0
2019-01-21,0.0,0.0,0.0
2019-01-22,593.0,1358.0,1951.0
2019-01-23,214.0,224.0,438.0
2019-01-24,105.0,80.0,185.0
2019-01-25,62.0,54.0,116.0
2019-01-26,27.0,0.0,27.0
2019-01-27,43.0,0.0,43.0
2019-01-28,53.0,0.0,53.0
2019-01-29,36.0,76.0,112.0
2019-01-30,55.0,36.0,91.0
2019-01-31,38.0,0.0,38.0
2019-02-01,24.0,56.0,80.0
2019-02-02,21.0,10.0,31.0
2019-02-03,22.0,10.0,32.0
2019-02-04,67.0,20.0,87.0
2019-02-05,46.0,20.0,66.0
2019-02-06,56.0,0.0,56.0
2019-02-07,49.0,10.0,59.0
2019-02-08,23.0,60.0,83.0
2019-02-09,19.0,10.0,29.0
2019-02-10,18.0,10.0,28.0
2019-02-11,46.0,20.0,66.0
2019-02-12,46.0,30.0,76.0
2019-02-13,94.0,26.0,120.0
2019-02-14,48.0,20.0,68.0
2019-02-15,47.0,26.0,73.0
2019-02-16,31.0,30.0,61.0
2019-02-17,32.0,0.0,32.0
2019-02-18,37.0,0.0,37.0
2019-02-19,47.0,46.0,93.0
2019-02-20,40.0,0.0,40.0
2019-02-21,47.0,30.0,77.0
2019-02-22,29.0,40.0,69.0
2019-02-23,6.0,10.0,16.0
2019-02-24,20.0,0.0,20.0
2019-02-25,21.0,10.0,31.0
2019-02-26,29.0,30.0,59.0
2019-02-27,30.0,0.0,30.0
2019-02-28,35.0,20.0,55.0
2019-03-01,28.0,0.0,28.0
2019-03-02,10.0,10.0,20.0
2019-03-03,7.0,0.0,7.0
2019-03-04,6.0,0.0,6.0
2019-03-05,26.0,0.0,26.0
2019-03-06,35.0,10.0,45.0
2019-03-07,45.0,0.0,45.0
2019-03-08,37.0,0.0,37.0
2019-03-09,13.0,20.0,33.0
2019-03-10,24.0,0.0,24.0
2019-03-11,40.0,0.0,40.0
2019-03-12,29.0,0.0,29.0
2019-03-13,30.0,40.0,70.0
2019-03-14,29.0,10.0,39.0
2019-03-15,19.0,10.0,29.0
2019-03-16,10.0,0.0,10.0
2019-03-17,26.0,10.0,36.0
2019-03-18,25.0,20.0,45.0
2019-03-19,32.0,10.0,42.0
2019-03-20,28.0,0.0,28.0
2019-03-21,25.0,0.0,25.0
2019-03-22,17.0,0.0,17.0
2019-03-23,5.0,10.0,15.0
2019-03-24,12.0,0.0,12.0
2019-03-25,33.0,10.0,43.0
2019-03-26,22.0,0.0,22.0
2019-03-27,28.0,10.0,38.0
2019-03-28,21.0,0.0,21.0
2019-03-29,19.0,0.0,19.0
2019-03-30,8.0,0.0,8.0
2019-03-31,14.0,0.0,14.0
2019-04-01,22.0,0.0,22.0
2019-04-02,16.0,10.0,26.0
2019-04-03,23.0,0.0,23.0
2019-04-04,14.0,0.0,14.0
2019-04-05,27.0,0.0,27.0
2019-04-06,10.0,0.0,10.0
2019-04-07,14.0,0.0,14.0
2019-04-08,17.0,0.0,17.0
2019-04-09,25.0,10.0,35.0
2019-04-10,17.0,0.0,17.0
2019-04-11,26.0,0.0,26.0
2019-04-12,11.0,0.0,11.0
2019-04-13,5.0,0.0,5.0
2019-04-14,10.0,0.0,10.0
2019-04-15,20.0,0.0,20.0
2019-04-16,12.0,0.0,12.0
2019-04-17,18.0,0.0,18.0
2019-04-18,11.0,26.0,37.0
2019-04-19,4.0,0.0,4.0
2019-04-20,6.0,0.0,6.0
2019-04-21,17.0,0.0,17.0
2019-04-22,26.0,0.0,26.0
2019-04-23,13.0,10.0,23.0
2019-04-24,18.0,0.0,18.0
2019-04-25,10.0,0.0,10.0
2019-04-26,5.0,14.0,19.0
2019-04-27,2.0,14.0,16.0
2019-04-28,0.0,18.0,18.0
2019-04-29,0.0,22.0,22.0
2019-04-30,0.0,10.0,10.0
2019-05-01,0.0,63.0,63.0
2019-05-02,0.0,50.0,50.0
2019-05-03,0.0,48.0,48.0
2019-05-04,0.0,17.0,17.0
2019-05-05,0.0,24.0,24.0
2019-05-06,0.0,19.0,19.0
2019-05-07,0.0,24.0,24.0
2019-05-08,0.0,39.0,39.0
2019-05-09,0.0,29.0,29.0
2019-05-10,0.0,17.0,17.0
2019-05-11,0.0,9.0,9.0
2019-05-12,0.0,8.0,8.0
2019-05-13,0.0,15.0,15.0
2019-05-14,0.0,29.0,29.0
2019-05-15,0.0,21.0,21.0
2019-05-16,0.0,16.0,16.0
2019-05-17,0.0,13.0,13.0
2019-05-18,0.0,7.0,7.0
2019-05-19,0.0,4.0,4.0
2019-05-20,0.0,25.0,25.0
2019-05-21,0.0,30.0,30.0
2019-05-22,0.0,16.0,16.0
2019-05-23,0.0,16.0,16.0
2019-05-24,0.0,14.0,14.0
2019-05-25,0.0,4.0,4.0
2019-05-26,0.0,8.0,8.0
2019-05-27,0.0,12.0,12.0
2019-05-28,0.0,23.0,23.0
2019-05-29,0.0,9.0,9.0
2019-05-30,0.0,0.0,0.0
2019-05-31,0.0,0.0,0.0
2019-06-01,0.0,0.0,0.0
2019-06-02,0.0,0.0,0.0
2019-06-03,0.0,0.0,0.0
2019-06-04,0.0,0.0,0.0
2019-06-05,0.0,0.0,0.0
2019-06-06,0.0,0.0,0.0
2019-06-07,0.0,0.0,0.0
2019-06-08,0.0,0.0,0.0
2019-06-09,0.0,0.0,0.0
2019-06-10,0.0,0.0,0.0
2019-06-11,0.0,0.0,0.0
2019-06-12,0.0,0.0,0.0
2019-06-13,0.0,0.0,0.0
2019-06-14,0.0,0.0,0.0
2019-06-15,0.0,0.0,0.0
2019-06-16,0.0,0.0,0.0
2019-06-17,0.0,0.0,0.0
2019-06-18,0.0,0.0,0.0
2019-06-19,0.0,0.0,0.0
2019-06-20,0.0,0.0,0.0
2019-06-21,0.0,0.0,0.0
2019-06-22,0.0,0.0,0.0
2019-06-23,0.0,0.0,0.0
2019-06-24,0.0,0.0,0.0
2019-06-25,0.0,0.0,0.0
2019-06-26,0.0,0.0,0.0
2019-06-27,0.0,0.0,0.0
2019-06-28,0.0,0.0,0.0
2019-06-29,0.0,0.0,0.0
2019-06-30,0.0,0.0,0.0
2019-07-01,0.0,0.0,0.0
2019-07-02,0.0,0.0,0.0
2019-07-03,0.0,0.0,0.0
2019-07-04,0.0,0.0,0.0
2019-07-05,0.0,0.0,0.0
2019-07-06,0.0,0.0,0.0
2019-07-07,0.0,0.0,0.0
2019-07-08,0.0,0.0,0.0
2019-07-09,0.0,0.0,0.0
2019-07-10,0.0,0.0,0.0
2019-07-11,0.0,0.0,0.0
2019-07-12,0.0,0.0,0.0
2019-07-13,0.0,0.0,0.0
2019-07-14,0.0,0.0,0.0
2019-07-15,0.0,0.0,0.0
2019-07-16,0.0,0.0,0.0
2019-07-17,0.0,0.0,0.0
2019-07-18,0.0,0.0,0.0
2019-07-19,0.0,0.0,0.0
2019-07-20,0.0,0.0,0.0
2019-07-21,0.0,0.0,0.0
2019-07-22,0.0,0.0,0.0
2019-07-23,0.0,0.0,0.0
2019-07-24,0.0,0.0,0.0
2019-07-25,0.0,0.0,0.0
2019-07-26,0.0,0.0,0.0
2019-07-27,0.0,0.0,0.0
2019-07-28,0.0,0.0,0.0
2019-07-29,0.0,0.0,0.0
2019-07-30,0.0,0.0,0.0
2019-07-31,0.0,0.0,0.0
2019-08-01,0.0,0.0,0.0
2019-08-02,0.0,0.0,0.0
2019-08-03,0.0,0.0,0.0
2019-08-04,0.0,0.0,0.0
2019-08-05,0.0,0.0,0.0
2019-08-06,0.0,0.0,0.0
2019-08-07,0.0,0.0,0.0
2019-08-08,0.0,0.0,0.0
2019-08-09,0.0,0.0,0.0
2019-08-10,0.0,0.0,0.0
2019-08-11,0.0,0.0,0.0
2019-08-12,0.0,0.0,0.0
2019-08-13,0.0,0.0,0.0
2019-08-14,0.0,0.0,0.0
2019-08-15,0.0,0.0,0.0
2019-08-16,0.0,0.0,0.0
2019-08-17,0.0,0.0,0.0
2019-08-18,0.0,0.0,0.0
2019-08-19,0.0,0.0,0.0
2019-08-20,0.0,0.0,0.0
2019-08-21,0.0,0.0,0.0
2019-08-22,0.0,0.0,0.0
2019-08-23,0.0,0.0,0.0
2019-08-24,0.0,0.0,0.0
2019-08-25,0.0,0.0,0.0
2019-08-26,0.0,0.0,0.0
2019-08-27,0.0,0.0,0.0
2019-08-28,0.0,0.0,0.0
2019-08-29,0.0,0.0,0.0
2019-08-30,0.0,0.0,0.0
2019-08-31,0.0,0.0,0.0
2019-09-01,0.0,0.0,0.0
2019-09-02,0.0,0.0,0.0
2019-09-03,0.0,0.0,0.0
2019-09-04,0.0,0.0,0.0
2019-09-05,0.0,0.0,0.0
2019-09-06,0.0,0.0,0.0
2019-09-07,0.0,0.0,0.0
2019-09-08,0.0,0.0,0.0
2019-09-09,0.0,0.0,0.0
2019-09-10,0.0,0.0,0.0
2019-09-11,0.0,0.0,0.0
2019-09-12,0.0,0.0,0.0
2019-09-13,0.0,0.0,0.0
2019-09-14,0.0,0.0,0.0
2019-09-15,0.0,0.0,0.0
2019-09-16,0.0,0.0,0.0
2019-09-17,0.0,0.0,0.0
2019-09-18,0.0,0.0,0.0
2019-09-19,0.0,0.0,0.0
2019-09-20,0.0,0.0,0.0
2019-09-21,0.0,0.0,0.0
2019-09-22,0.0,0.0,0.0
2019-09-23,0.0,0.0,0.0
2019-09-24,0.0,0.0,0.0
2019-09-25,0.0,0.0,0.0
2019-09-26,0.0,0.0,0.0
2019-09-27,0.0,0.0,0.0
2019-09-28,0.0,0.0,0.0
2019-09-29,0.0,0.0,0.0
2019-09-30,0.0,0.0,0.0
2019-10-01,0.0,0.0,0.0
2019-10-02,0.0,0.0,0.0
2019-10-03,0.0,0.0,0.0
2019-10-04,0.0,0.0,0.0
2019-10-05,0.0,0.0,0.0
2019-10-06,0.0,0.0,0.0
2019-10-07,0.0,0.0,0.0
2019-10-08,0.0,0.0,0.0
2019-10-09,0.0,0.0,0.0
2019-10-10,0.0,0.0,0.0
2019-10-11,0.0,0.0,0.0
2019-10-12,0.0,0.0,0.0
2019-10-13,0.0,0.0,0.0
2019-10-14,0.0,0.0,0.0
2019-10-15,0.0,0.0,0.0
2019-10-16,0.0,0.0,0.0
2019-10-17,0.0,0.0,0.0
2019-10-18,0.0,0.0,0.0
2019-10-19,0.0,0.0,0.0
2019-10-20,0.0,0.0,0.0
2019-10-21,0.0,0.0,0.0
2019-10-22,0.0,0.0,0.0
2019-10-23,0.0,0.0,0.0
2019-10-24,0.0,0.0,0.0
2019-10-25,0.0,0.0,0.0
2019-10-26,0.0,0.0,0.0
2019-10-27,0.0,0.0,0.0
2019-10-28,0.0,0.0,0.0
2019-10-29,0.0,0.0,0.0
2019-10-30,0.0,0.0,0.0
2019-10-31,0.0,0.0,0.0
2019-11-01,0.0,0.0,0.0
2019-11-02,0.0,0.0,0.0
2019-11-03,0.0,0.0,0.0
2019-11-04,0.0,0.0,0.0
2019-11-05,0.0,0.0,0.0
2019-11-06,0.0,0.0,0.0
2019-11-07,0.0,0.0,0.0
2019-11-08,0.0,0.0,0.0
2019-11-09,0.0,6774.0,6774.0
2019-11-10,939.0,1780.0,2719.0
2019-11-11,730.0,1580.0,2310.0
2019-11-12,370.0,902.0,1272.0
2019-11-13,218.0,568.0,786.0
2019-11-14,159.0,540.0,699.0
2019-11-15,80.0,140.0,220.0
2019-11-16,41.0,90.0,131.0
2019-11-17,60.0,212.0,272.0
2019-11-18,87.0,562.0,649.0
2019-11-19,124.0,422.0,546.0
2019-11-20,109.0,406.0,515.0
2019-11-21,132.0,400.0,532.0
2019-11-22,77.0,116.0,193.0
2019-11-23,48.0,192.0,240.0
2019-11-24,68.0,102.0,170.0
2019-11-25,148.0,530.0,678.0
2019-11-26,143.0,478.0,621.0
2019-11-27,142.0,258.0,400.0
2019-11-28,96.0,346.0,442.0
2019-11-29,149.0,346.0,495.0
2019-11-30,72.0,178.0,250.0
2019-12-01,88.0,110.0,198.0
2019-12-02,160.0,412.0,572.0
2019-12-03,182.0,380.0,562.0
2019-12-04,149.0,248.0,397.0
2019-12-05,145.0,502.0,647.0
2019-12-06,129.0,210.0,339.0
2019-12-07,59.0,74.0,133.0
2019-12-08,72.0,104.0,176.0
2019-12-09,159.0,320.0,479.0
2019-12-10,190.0,416.0,606.0
2019-12-11,215.0,372.0,587.0
2019-12-12,117.0,306.0,423.0
2019-12-13,119.0,192.0,311.0
2019-12-14,80.0,20.0,100.0
2019-12-15,101.0,20.0,121.0
2019-12-16,153.0,324.0,477.0
2019-12-17,166.0,304.0,470.0
2019-12-18,129.0,276.0,405.0
2019-12-19,116.0,696.0,812.0
2019-12-20,114.0,266.0,380.0
2019-12-21,96.0,0.0,96.0
2019-12-22,85.0,0.0,85.0
2019-12-23,111.0,0.0,111.0
2019-12-24,52.0,0.0,52.0
2019-12-25,57.0,0.0,57.0
2019-12-26,213.0,0.0,213.0
2019-12-27,174.0,0.0,174.0
2019-12-28,104.0,0.0,104.0
2019-12-29,94.0,0.0,94.0
2019-12-30,113.0,0.0,113.0
2019-12-31,57.0,0.0,57.0
2020-01-01,70.0,0.0,70.0
2020-01-02,218.0,0.0,218.0
2020-01-03,180.0,0.0,180.0
2020-01-04,131.0,0.0,131.0
2020-01-05,119.0,0.0,119.0
2020-01-06,230.0,0.0,230.0
2020-01-07,213.0,0.0,213.0
2020-01-08,170.0,0.0,170.0
2020-01-09,156.0,0.0,156.0
2020-01-10,129.0,0.0,129.0
2020-01-11,96.0,0.0,96.0
2020-01-12,87.0,0.0,87.0
2020-01-13,130.0,0.0,130.0
2020-01-14,126.0,0.0,126.0
2020-01-15,53.0,0.0,53.0
2020-01-16,32.0,0.0,32.0
2020-01-17,23.0,0.0,23.0
2020-01-18,43.0,0.0,43.0
2020-01-19,17.0,0.0,17.0
2020-01-20,11.0,0.0,11.0
2020-01-21,0.0,0.0,0.0
2020-01-22,2.0,0.0,2.0
2020-01-23,11.0,0.0,11.0
2020-01-24,0.0,0.0,0.0
2020-01-25,0.0,0.0,0.0
2020-01-26,0.0,0.0,0.0
2020-01-27,0.0,0.0,0.0
2020-01-28,0.0,0.0,0.0
2020-01-29,0.0,0.0,0.0
2020-01-30,2.0,0.0,2.0
2020-01-31,0.0,0.0,0.0
2020-02-01,0.0,0.0,0.0
2020-02-02,0.0,0.0,0.0
2020-02-03,0.0,0.0,0.0
2020-02-04,0.0,0.0,0.0
2020-02-05,0.0,0.0,0.0
2020-02-06,371.0,0.0,371.0
2020-02-07,0.0,0.0,0.0
2020-02-08,0.0,0.0,0.0
2020-02-09,0.0,0.0,0.0
2020-02-10,0.0,0.0,0.0
2020-02-11,0.0,0.0,0.0
2020-02-12,0.0,0.0,0.0
2020-02-13,0.0,0.0,0.0
2020-02-14,0.0,0.0,0.0
2020-02-15,0.0,0.0,0.0
2020-02-16,0.0,0.0,0.0
2020-02-17,0.0,0.0,0.0
2020-02-18,0.0,0.0,0.0
2020-02-19,0.0,0.0,0.0
2020-02-20,0.0,0.0,0.0
2020-02-21,0.0,0.0,0.0
2020-02-22,0.0,0.0,0.0
2020-02-23,0.0,0.0,0.0
2020-02-24,0.0,0.0,0.0
2020-02-25,0.0,0.0,0.0
2020-02-26,0.0,0.0,0.0
2020-02-27,0.0,0.0,0.0
2020-02-28,0.0,0.0,0.0
2020-02-29,0.0,0.0,0.0
2020-03-01,0.0,0.0,0.0
2020-03-02,0.0,0.0,0.0
2020-03-03,0.0,0.0,0.0
2020-03-04,0.0,0.0,0.0
2020-03-05,0.0,0.0,0.0
2020-03-06,0.0,0.0,0.0
2020-03-07,0.0,0.0,0.0
2020-03-08,0.0,0.0,0.0
2020-03-09,0.0,0.0,0.0
2020-03-10,0.0,0.0,0.0
2020-03-11,0.0,0.0,0.0
2020-03-12,0.0,0.0,0.0
2020-03-13,0.0,0.0,0.0
2020-03-14,0.0,0.0,0.0
2020-03-15,0.0,0.0,0.0
2020-03-16,0.0,0.0,0.0
2020-03-17,0.0,0.0,0.0
2020-03-18,0.0,0.0,0.0
2020-03-19,0.0,0.0,0.0
2020-03-20,14.0,0.0,14.0
2020-03-21,0.0,0.0,0.0
2020-03-22,0.0,0.0,0.0
2020-03-23,0.0,0.0,0.0
2020-03-24,0.0,0.0,0.0
2020-03-25,0.0,0.0,0.0
2020-03-26,0.0,0.0,0.0
2020-03-27,0.0,0.0,0.0
2020-03-28,0.0,0.0,0.0
2020-03-29,0.0,0.0,0.0
2020-03-30,0.0,0.0,0.0
2020-03-31,0.0,0.0,0.0
2020-04-01,0.0,0.0,0.0
2020-04-02,0.0,0.0,0.0
2020-04-03,0.0,0.0,0.0
2020-04-04,0.0,0.0,0.0
2020-04-05,0.0,0.0,0.0
2020-04-06,0.0,0.0,0.0
2020-04-07,0.0,0.0,0.0
2020-04-08,0.0,0.0,0.0
2020-04-09,0.0,0.0,0.0
2020-04-10,0.0,0.0,0.0
2020-04-11,0.0,0.0,0.0
2020-04-12,0.0,0.0,0.0
2020-04-13,0.0,0.0,0.0
2020-04-14,0.0,0.0,0.0
2020-04-15,0.0,0.0,0.0
2020-04-16,0.0,0.0,0.0
2020-04-17,0.0,0.0,0.0
2020-04-18,0.0,0.0,0.0
2020-04-19,0.0,0.0,0.0
2020-04-20,0.0,0.0,0.0
2020-04-21,0.0,0.0,0.0
2020-04-22,0.0,0.0,0.0
2020-04-23,0.0,0.0,0.0
2020-04-24,0.0,0.0,0.0
2020-04-25,0.0,0.0,0.0
2020-04-26,0.0,0.0,0.0
2020-04-27,0.0,0.0,0.0
2020-04-28,0.0,0.0,0.0
2020-04-29,0.0,0.0,0.0
2020-04-30,0.0,0.0,0.0
2020-05-01,0.0,0.0,0.0
2020-05-02,0.0,0.0,0.0
2020-05-03,0.0,0.0,0.0
2020-05-04,0.0,0.0,0.0
2020-05-05,0.0,0.0,0.0
2020-05-06,0.0,0.0,0.0
2020-05-07,0.0,0.0,0.0
2020-05-08,0.0,0.0,0.0
2020-05-09,0.0,0.0,0.0
2020-05-10,0.0,0.0,0.0
2020-05-11,0.0,0.0,0.0
2020-05-12,0.0,0.0,0.0
2020-05-13,0.0,0.0,0.0
2020-05-14,0.0,0.0,0.0
2020-05-15,0.0,0.0,0.0
2020-05-16,0.0,0.0,0.0
2020-05-17,0.0,0.0,0.0
2020-05-18,0.0,0.0,0.0
2020-05-19,0.0,0.0,0.0
2020-05-20,0.0,0.0,0.0
2020-05-21,0.0,0.0,0.0
2020-05-22,0.0,0.0,0.0
2020-05-23,0.0,0.0,0.0
2020-05-24,0.0,0.0,0.0
2020-05-25,0.0,0.0,0.0
2020-05-26,0.0,0.0,0.0
2020-05-27,0.0,0.0,0.0
2020-05-28,0.0,0.0,0.0
2020-05-29,0.0,0.0,0.0
2020-05-30,0.0,0.0,0.0
2020-05-31,0.0,0.0,0.0
2020-06-01,0.0,0.0,0.0
2020-06-02,0.0,0.0,0.0
2020-06-03,0.0,0.0,0.0
2020-06-04,0.0,0.0,0.0
2020-06-05,0.0,0.0,0.0
2020-06-06,0.0,0.0,0.0
2020-06-07,0.0,0.0,0.0
2020-06-08,0.0,0.0,0.0
2020-06-09,0.0,0.0,0.0
2020-06-10,0.0,0.0,0.0
2020-06-11,0.0,0.0,0.0
2020-06-12,0.0,0.0,0.0
2020-06-13,0.0,0.0,0.0
2020-06-14,0.0,0.0,0.0
2020-06-15,0.0,0.0,0.0
2020-06-16,0.0,0.0,0.0
2020-06-17,0.0,0.0,0.0
2020-06-18,0.0,0.0,0.0
2020-06-19,0.0,0.0,0.0
2020-06-20,0.0,0.0,0.0
2020-06-21,0.0,0.0,0.0
2020-06-22,0.0,0.0,0.0
2020-06-23,0.0,0.0,0.0
2020-06-24,0.0,0.0,0.0
2020-06-25,0.0,0.0,0.0
2020-06-26,0.0,0.0,0.0
2020-06-27,0.0,0.0,0.0
2020-06-28,0.0,0.0,0.0
2020-06-29,0.0,0.0,0.0
2020-06-30,0.0,0.0,0.0
2020-07-01,0.0,0.0,0.0
2020-07-02,0.0,0.0,0.0
2020-07-03,0.0,0.0,0.0
2020-07-04,0.0,0.0,0.0
2020-07-05,0.0,0.0,0.0
2020-07-06,0.0,0.0,0.0
2020-07-07,0.0,0.0,0.0
2020-07-08,0.0,0.0,0.0
2020-07-09,0.0,0.0,0.0
2020-07-10,0.0,0.0,0.0
2020-07-11,0.0,0.0,0.0
2020-07-12,0.0,0.0,0.0
2020-07-13,0.0,0.0,0.0
2020-07-14,0.0,0.0,0.0
2020-07-15,0.0,0.0,0.0
2020-07-16,0.0,0.0,0.0
2020-07-17,0.0,0.0,0.0
2020-07-18,0.0,0.0,0.0
2020-07-19,0.0,0.0,0.0
2020-07-20,0.0,0.0,0.0
2020-07-21,0.0,0.0,0.0
2020-07-22,0.0,0.0,0.0
2020-07-23,0.0,0.0,0.0
2020-07-24,0.0,0.0,0.0
2020-07-25,0.0,0.0,0.0
2020-07-26,0.0,0.0,0.0
2020-07-27,0.0,0.0,0.0
2020-07-28,0.0,0.0,0.0
2020-07-29,0.0,0.0,0.0
2020-07-30,0.0,0.0,0.0
2020-07-31,0.0,0.0,0.0
2020-08-01,0.0,0.0,0.0
2020-08-02,0.0,0.0,0.0
2020-08-03,0.0,0.0,0.0
2020-08-04,0.0,0.0,0.0
2020-08-05,0.0,0.0,0.0
2020-08-06,0.0,0.0,0.0
2020-08-07,0.0,0.0,0.0
2020-08-08,0.0,0.0,0.0
2020-08-09,0.0,0.0,0.0
2020-08-10,0.0,0.0,0.0
2020-08-11,0.0,0.0,0.0
2020-08-12,0.0,0.0,0.0
2020-08-13,0.0,0.0,0.0
2020-08-14,0.0,0.0,0.0
2020-08-15,0.0,0.0,0.0
2020-08-16,0.0,0.0,0.0
2020-08-17,0.0,0.0,0.0
2020-08-18,0.0,0.0,0.0
2020-08-19,0.0,0.0,0.0
2020-08-20,0.0,0.0,0.0
2020-08-21,0.0,0.0,0.0
2020-08-22,0.0,0.0,0.0
2020-08-23,0.0,0.0,0.0
2020-08-24,0.0,0.0,0.0
2020-08-25,0.0,0.0,0.0
2020-08-26,0.0,0.0,0.0
2020-08-27,0.0,0.0,0.0
2020-08-28,0.0,0.0,0.0
2020-08-29,0.0,0.0,0.0
2020-08-30,0.0,0.0,0.0
2020-08-31,0.0,0.0,0.0
2020-09-01,0.0,0.0,0.0
2020-09-02,0.0,0.0,0.0
2020-09-03,0.0,0.0,0.0
2020-09-04,0.0,0.0,0.0
2020-09-05,0.0,0.0,0.0
2020-09-06,0.0,0.0,0.0
2020-09-07,0.0,0.0,0.0
2020-09-08,0.0,0.0,0.0
2020-09-09,0.0,0.0,0.0
2020-09-10,0.0,0.0,0.0
2020-09-11,0.0,0.0,0.0
2020-09-12,0.0,0.0,0.0
2020-09-13,0.0,0.0,0.0
2020-09-14,0.0,0.0,0.0
2020-09-15,0.0,0.0,0.0
2020-09-16,0.0,0.0,0.0
2020-09-17,0.0,0.0,0.0
2020-09-18,0.0,0.0,0.0
2020-09-19,0.0,0.0,0.0
2020-09-20,0.0,0.0,0.0
2020-09-21,0.0,0.0,0.0
2020-09-22,0.0,0.0,0.0
2020-09-23,0.0,0.0,0.0
2020-09-24,0.0,0.0,0.0
2020-09-25,0.0,0.0,0.0
2020-09-26,0.0,0.0,0.0
2020-09-27,0.0,0.0,0.0
2020-09-28,0.0,0.0,0.0
2020-09-29,0.0,0.0,0.0
2020-09-30,0.0,0.0,0.0
2020-10-01,0.0,0.0,0.0
2020-10-02,0.0,0.0,0.0
2020-10-03,0.0,0.0,0.0
2020-10-04,0.0,0.0,0.0
2020-10-05,0.0,0.0,0.0
2020-10-06,0.0,0.0,0.0
2020-10-07,0.0,0.0,0.0
2020-10-08,0.0,0.0,0.0
2020-10-09,0.0,0.0,0.0
2020-10-10,0.0,0.0,0.0
2020-10-11,0.0,0.0,0.0
2020-10-12,0.0,0.0,0.0
2020-10-13,0.0,0.0,0.0
2020-10-14,0.0,0.0,0.0
2020-10-15,0.0,0.0,0.0
2020-10-16,0.0,0.0,0.0
2020-10-17,0.0,0.0,0.0
2020-10-18,0.0,0.0,0.0
2020-10-19,0.0,0.0,0.0
2020-10-20,0.0,0.0,0.0
2020-10-21,0.0,0.0,0.0
2020-10-22,0.0,0.0,0.0
2020-10-23,0.0,0.0,0.0
2020-10-24,0.0,0.0,0.0
2020-10-25,0.0,0.0,0.0
2020-10-26,0.0,0.0,0.0
2020-10-27,0.0,0.0,0.0
2020-10-28,0.0,0.0,0.0
2020-10-29,0.0,0.0,0.0
2020-10-30,0.0,0.0,0.0
2020-10-31,0.0,0.0,0.0
2020-11-01,0.0,0.0,0.0
2020-11-02,0.0,0.0,0.0
2020-11-03,0.0,0.0,0.0
2020-11-04,0.0,0.0,0.0
2020-11-05,0.0,0.0,0.0
2020-11-06,0.0,0.0,0.0
2020-11-07,0.0,0.0,0.0
2020-11-08,0.0,0.0,0.0
2020-11-09,0.0,0.0,0.0
2020-11-10,0.0,0.0,0.0
2020-11-11,0.0,0.0,0.0
2020-11-12,0.0,0.0,0.0
2020-11-13,0.0,0.0,0.0
2020-11-14,0.0,0.0,0.0
2020-11-15,0.0,0.0,0.0
2020-11-16,0.0,0.0,0.0
2020-11-17,0.0,0.0,0.0
2020-11-18,0.0,0.0,0.0
2020-11-19,0.0,0.0,0.0
2020-11-20,0.0,0.0,0.0
2020-11-21,0.0,0.0,0.0
2020-11-22,6564.0,13696.0,20260.0
2020-11-23,1394.0,2064.0,3458.0
2020-11-24,1326.0,0.0,1326.0
2020-11-25,18.0,0.0,18.0
2020-11-26,0.0,976.0,976.0
2020-11-27,0.0,336.0,336.0
2020-11-28,0.0,32.0,32.0
2020-11-29,0.0,16.0,16.0
2020-11-30,165.0,16.0,181.0
2020-12-01,54.0,112.0,166.0
2020-12-02,25.0,16.0,41.0
2020-12-03,16.0,0.0,16.0
2020-12-04,23.0,16.0,39.0
2020-12-05,3.0,0.0,3.0
2020-12-06,24.0,0.0,24.0
2020-12-07,1.0,0.0,1.0
2020-12-08,5.0,16.0,21.0
2020-12-09,4.0,64.0,68.0
2020-12-10,0.0,64.0,64.0
2020-12-11,1.0,96.0,97.0
2020-12-12,0.0,0.0,0.0
2020-12-13,0.0,0.0,0.0
2020-12-14,4589.0,48.0,4637.0
2020-12-15,48.0,0.0,48.0
2020-12-16,0.0,16.0,16.0
2020-12-17,0.0,0.0,0.0
2020-12-18,482.0,0.0,482.0
2020-12-19,169.0,0.0,169.0
2020-12-20,0.0,0.0,0.0
2020-12-21,0.0,7824.0,7824.0
2020-12-22,2690.0,48.0,2738.0
2020-12-23,508.0,144.0,652.0
2020-12-24,221.0,208.0,429.0
2020-12-25,231.0,16.0,247.0
2020-12-26,233.0,0.0,233.0
2020-12-27,0.0,0.0,0.0
2020-12-28,248.0,64.0,312.0
2020-12-29,138.0,0.0,138.0
2020-12-30,4.0,48.0,52.0
2020-12-31,1.0,16.0,17.0
2021-01-01,0.0,32.0,32.0
2021-01-02,0.0,16.0,16.0
2021-01-03,2.0,0.0,2.0
2021-01-04,0.0,0.0,0.0
2021-01-05,0.0,32.0,32.0
2021-01-06,417.0,16.0,433.0
2021-01-07,423.0,96.0,519.0
2021-01-08,5.0,48.0,53.0
2021-01-09,0.0,96.0,96.0
2021-01-10,0.0,0.0,0.0
2021-01-11,0.0,0.0,0.0
2021-01-12,0.0,0.0,0.0
2021-01-13,0.0,0.0,0.0
2021-01-14,0.0,16.0,16.0
2021-01-15,45.0,16.0,61.0
2021-01-16,154.0,0.0,154.0
2021-01-17,16.0,0.0,16.0
2021-01-18,0.0,0.0,0.0
2021-01-19,0.0,48.0,48.0
2021-01-20,0.0,0.0,0.0
2021-01-21,0.0,0.0,0.0
2021-01-22,0.0,0.0,0.0
2021-01-23,0.0,0.0,0.0
2021-01-24,0.0,0.0,0.0
2021-01-25,0.0,0.0,0.0
2021-01-26,0.0,0.0,0.0
2021-01-27,0.0,48.0,48.0
2021-01-28,0.0,0.0,0.0
2021-01-29,0.0,0.0,0.0
2021-01-30,0.0,0.0,0.0
2021-01-31,0.0,0.0,0.0
2021-02-01,0.0,0.0,0.0
2021-02-02,0.0,0.0,0.0
2021-02-03,0.0,0.0,0.0
2021-02-04,0.0,32.0,32.0
2021-02-05,0.0,0.0,0.0
2021-02-06,0.0,0.0,0.0
2021-02-07,0.0,0.0,0.0
2021-02-08,0.0,0.0,0.0
2021-02-09,0.0,0.0,0.0
2021-02-10,0.0,0.0,0.0
2021-02-11,0.0,0.0,0.0
2021-02-12,0.0,0.0,0.0
2021-02-13,0.0,0.0,0.0
2021-02-14,0.0,0.0,0.0
2021-02-15,0.0,0.0,0.0
2021-02-16,0.0,0.0,0.0
2021-02-17,0.0,0.0,0.0
2021-02-18,0.0,0.0,0.0
2021-02-19,0.0,0.0,0.0
2021-02-20,0.0,0.0,0.0
2021-02-21,0.0,0.0,0.0
2021-02-22,0.0,0.0,0.0
2021-02-23,0.0,0.0,0.0
2021-02-24,0.0,0.0,0.0
2021-02-25,0.0,0.0,0.0
2021-02-26,0.0,0.0,0.0
2021-02-27,0.0,0.0,0.0
2021-02-28,0.0,0.0,0.0
2021-03-01,0.0,0.0,0.0
2021-03-02,0.0,0.0,0.0
2021-03-03,0.0,0.0,0.0
2021-03-04,0.0,0.0,0.0
2021-03-05,0.0,0.0,0.0
2021-03-06,0.0,0.0,0.0
2021-03-07,0.0,0.0,0.0
2021-03-08,0.0,0.0,0.0
2021-03-09,0.0,0.0,0.0
2021-03-10,0.0,0.0,0.0
2021-03-11,0.0,0.0,0.0
2021-03-12,0.0,0.0,0.0
2021-03-13,0.0,0.0,0.0
2021-03-14,0.0,0.0,0.0
2021-03-15,0.0,0.0,0.0
2021-03-16,0.0,0.0,0.0
2021-03-17,0.0,0.0,0.0
2021-03-18,0.0,0.0,0.0
2021-03-19,0.0,0.0,0.0
2021-03-20,0.0,0.0,0.0
2021-03-21,0.0,0.0,0.0
2021-03-22,0.0,0.0,0.0
2021-03-23,0.0,0.0,0.0
2021-03-24,0.0,0.0,0.0
2021-03-25,0.0,0.0,0.0
2021-03-26,0.0,0.0,0.0
2021-03-27,0.0,0.0,0.0
2021-03-28,0.0,0.0,0.0
2021-03-29,0.0,0.0,0.0
2021-03-30,0.0,0.0,0.0
2021-03-31,0.0,0.0,0.0
2021-04-01,0.0,0.0,0.0
2021-04-02,0.0,0.0,0.0
2021-04-03,0.0,0.0,0.0
2021-04-04,0.0,0.0,0.0
2021-04-05,0.0,0.0,0.0
2021-04-06,0.0,0.0,0.0
2021-04-07,0.0,0.0,0.0
2021-04-08,0.0,0.0,0.0
2021-04-09,0.0,0.0,0.0
2021-04-10,0.0,0.0,0.0
2021-04-11,0.0,0.0,0.0
2021-04-12,0.0,0.0,0.0
2021-04-13,0.0,0.0,0.0
2021-04-14,0.0,0.0,0.0
2021-04-15,0.0,0.0,0.0
2021-04-16,0.0,0.0,0.0
2021-04-17,0.0,0.0,0.0
2021-04-18,0.0,0.0,0.0
2021-04-19,0.0,0.0,0.0
2021-04-20,0.0,0.0,0.0
2021-04-21,0.0,0.0,0.0
2021-04-22,0.0,0.0,0.0
2021-04-23,0.0,0.0,0.0
2021-04-24,0.0,0.0,0.0
2021-04-25,0.0,0.0,0.0
2021-04-26,0.0,0.0,0.0
2021-04-27,0.0,0.0,0.0
2021-04-28,0.0,0.0,0.0
2021-04-29,0.0,0.0,0.0
2021-04-30,0.0,0.0,0.0
2021-05-01,0.0,0.0,0.0
2021-05-02,0.0,0.0,0.0
2021-05-03,0.0,0.0,0.0
2021-05-04,0.0,0.0,0.0
2021-05-05,0.0,0.0,0.0
2021-05-06,0.0,0.0,0.0
2021-05-07,0.0,0.0,0.0
2021-05-08,0.0,0.0,0.0
2021-05-09,0.0,0.0,0.0
2021-05-10,0.0,0.0,0.0
2021-05-11,0.0,0.0,0.0
2021-05-12,0.0,0.0,0.0
2021-05-13,0.0,0.0,0.0
2021-05-14,0.0,0.0,0.0
2021-05-15,0.0,0.0,0.0
2021-05-16,0.0,0.0,0.0
2021-05-17,0.0,0.0,0.0
2021-05-18,0.0,0.0,0.0
2021-05-19,0.0,0.0,0.0
2021-05-20,0.0,0.0,0.0
2021-05-21,0.0,0.0,0.0
2021-05-22,0.0,0.0,0.0
2021-05-23,0.0,0.0,0.0
2021-05-24,0.0,0.0,0.0
2021-05-25,0.0,0.0,0.0
2021-05-26,0.0,0.0,0.0
2021-05-27,0.0,0.0,0.0
2021-05-28,0.0,0.0,0.0
2021-05-29,0.0,0.0,0.0
2021-05-30,0.0,0.0,0.0
2021-05-31,0.0,0.0,0.0
2021-06-01,0.0,0.0,0.0
2021-06-02,0.0,0.0,0.0
2021-06-03,0.0,0.0,0.0
2021-06-04,0.0,0.0,0.0
2021-06-05,0.0,0.0,0.0
2021-06-06,0.0,0.0,0.0
2021-06-07,0.0,0.0,0.0
2021-06-08,0.0,0.0,0.0
2021-06-09,0.0,0.0,0.0
2021-06-10,0.0,0.0,0.0
2021-06-11,0.0,0.0,0.0
2021-06-12,0.0,0.0,0.0
2021-06-13,0.0,0.0,0.0
2021-06-14,0.0,0.0,0.0
2021-06-15,0.0,0.0,0.0
2021-06-16,0.0,0.0,0.0
2021-06-17,0.0,0.0,0.0
2021-06-18,0.0,0.0,0.0
2021-06-19,0.0,0.0,0.0
2021-06-20,0.0,0.0,0.0
2021-06-21,0.0,0.0,0.0
2021-06-22,0.0,0.0,0.0
2021-06-23,0.0,0.0,0.0
2021-06-24,0.0,0.0,0.0
2021-06-25,0.0,0.0,0.0
2021-06-26,0.0,0.0,0.0
2021-06-27,0.0,0.0,0.0
2021-06-28,0.0,0.0,0.0
2021-06-29,0.0,0.0,0.0
2021-06-30,0.0,0.0,0.0
2021-07-01,0.0,0.0,0.0
2021-07-02,0.0,0.0,0.0
2021-07-03,0.0,0.0,0.0
2021-07-04,0.0,0.0,0.0
2021-07-05,0.0,0.0,0.0
2021-07-06,0.0,0.0,0.0
2021-07-07,0.0,0.0,0.0
2021-07-08,0.0,0.0,0.0
2021-07-09,0.0,0.0,0.0
2021-07-10,0.0,0.0,0.0
2021-07-11,0.0,0.0,0.0
2021-07-12,0.0,0.0,0.0
2021-07-13,0.0,0.0,0.0
2021-07-14,0.0,0.0,0.0
2021-07-15,0.0,0.0,0.0
2021-07-16,0.0,0.0,0.0
2021-07-17,0.0,0.0,0.0
2021-07-18,0.0,0.0,0.0
2021-07-19,0.0,0.0,0.0
2021-07-20,0.0,0.0,0.0
2021-07-21,0.0,0.0,0.0
2021-07-22,0.0,0.0,0.0
2021-07-23,0.0,0.0,0.0
2021-07-24,0.0,0.0,0.0
2021-07-25,0.0,0.0,0.0
2021-07-26,0.0,0.0,0.0
2021-07-27,0.0,0.0,0.0
2021-07-28,0.0,0.0,0.0
2021-07-29,0.0,0.0,0.0
2021-07-30,0.0,0.0,0.0
2021-07-31,0.0,0.0,0.0
2021-08-01,0.0,0.0,0.0
2021-08-02,0.0,0.0,0.0
2021-08-03,0.0,0.0,0.0
2021-08-04,0.0,0.0,0.0
2021-08-05,0.0,0.0,0.0
2021-08-06,0.0,0.0,0.0
2021-08-07,0.0,0.0,0.0
2021-08-08,0.0,0.0,0.0
2021-08-09,0.0,0.0,0.0
2021-08-10,0.0,0.0,0.0
2021-08-11,0.0,0.0,0.0
2021-08-12,0.0,0.0,0.0
2021-08-13,0.0,0.0,0.0
2021-08-14,0.0,0.0,0.0
2021-08-15,0.0,0.0,0.0
2021-08-16,0.0,0.0,0.0
2021-08-17,0.0,0.0,0.0
2021-08-18,0.0,0.0,0.0
2021-08-19,0.0,0.0,0.0
2021-08-20,0.0,0.0,0.0
2021-08-21,0.0,0.0,0.0
2021-08-22,0.0,0.0,0.0
2021-08-23,0.0,0.0,0.0
2021-08-24,0.0,0.0,0.0
2021-08-25,0.0,0.0,0.0
2021-08-26,0.0,0.0,0.0
2021-08-27,0.0,0.0,0.0
2021-08-28,0.0,0.0,0.0
2021-08-29,0.0,0.0,0.0
2021-08-30,0.0,0.0,0.0
2021-08-31,0.0,0.0,0.0
2021-09-01,0.0,0.0,0.0
2021-09-02,0.0,0.0,0.0
2021-09-03,0.0,0.0,0.0
2021-09-04,0.0,0.0,0.0
2021-09-05,0.0,0.0,0.0
2021-09-06,0.0,0.0,0.0
2021-09-07,0.0,0.0,0.0
2021-09-08,0.0,0.0,0.0
2021-09-09,0.0,0.0,0.0
2021-09-10,0.0,0.0,0.0
2021-09-11,0.0,0.0,0.0
2021-09-12,0.0,0.0,0.0
2021-09-13,0.0,0.0,0.0
2021-09-14,0.0,0.0,0.0
2021-09-15,0.0,0.0,0.0
2021-09-16,0.0,0.0,0.0
2021-09-17,0.0,0.0,0.0
2021-09-18,0.0,0.0,0.0
2021-09-19,0.0,0.0,0.0
2021-09-20,0.0,0.0,0.0
2021-09-21,0.0,0.0,0.0
2021-09-22,0.0,0.0,0.0
2021-09-23,0.0,0.0,0.0
2021-09-24,0.0,0.0,0.0
2021-09-25,0.0,0.0,0.0
2021-09-26,0.0,0.0,0.0
2021-09-27,0.0,0.0,0.0
2021-09-28,0.0,0.0,0.0
2021-09-29,0.0,0.0,0.0
2021-09-30,0.0,0.0,0.0
2021-10-01,0.0,0.0,0.0
2021-10-02,0.0,0.0,0.0
2021-10-03,0.0,0.0,0.0
2021-10-04,0.0,0.0,0.0
2021-10-05,0.0,0.0,0.0
2021-10-06,0.0,0.0,0.0
2021-10-07,0.0,0.0,0.0
2021-10-08,0.0,0.0,0.0
2021-10-09,0.0,0.0,0.0
2021-10-10,0.0,0.0,0.0
2021-10-11,0.0,0.0,0.0
2021-10-12,0.0,0.0,0.0
2021-10-13,0.0,0.0,0.0
2021-10-14,0.0,0.0,0.0
2021-10-15,0.0,0.0,0.0
2021-10-16,0.0,0.0,0.0
2021-10-17,0.0,0.0,0.0
2021-10-18,0.0,0.0,0.0
2021-10-19,0.0,0.0,0.0
2021-10-20,0.0,0.0,0.0
2021-10-21,0.0,0.0,0.0
2021-10-22,0.0,0.0,0.0
2021-10-23,0.0,0.0,0.0
2021-10-24,0.0,0.0,0.0
2021-10-25,0.0,0.0,0.0
2021-10-26,0.0,0.0,0.0
2021-10-27,0.0,0.0,0.0
2021-10-28,0.0,0.0,0.0
2021-10-29,0.0,0.0,0.0
2021-10-30,0.0,0.0,0.0
2021-10-31,0.0,0.0,0.0
2021-11-01,0.0,0.0,0.0
2021-11-02,0.0,0.0,0.0
2021-11-03,0.0,0.0,0.0
2021-11-04,0.0,0.0,0.0
2021-11-05,0.0,0.0,0.0
2021-11-06,0.0,0.0,0.0
2021-11-07,0.0,0.0,0.0
2021-11-08,0.0,17296.0,17296.0
2021-11-09,0.0,5856.0,5856.0
2021-11-10,0.0,5232.0,5232.0
2021-11-11,0.0,1344.0,1344.0
2021-11-12,0.0,1136.0,1136.0
2021-11-13,0.0,416.0,416.0
2021-11-14,0.0,144.0,144.0
2021-11-15,0.0,224.0,224.0
2021-11-16,0.0,320.0,320.0
2021-11-17,0.0,816.0,816.0
2021-11-18,0.0,464.0,464.0
2021-11-19,0.0,608.0,608.0
2021-11-20,0.0,0.0,0.0
2021-11-21,0.0,0.0,0.0
2021-11-22,4285.0,0.0,4285.0
2021-11-23,888.0,0.0,888.0
2021-11-24,473.0,0.0,473.0
2021-11-25,326.0,0.0,326.0
2021-11-26,522.0,0.0,522.0
2021-11-27,356.0,0.0,356.0
2021-11-28,200.0,0.0,200.0
2021-11-29,241.0,896.0,1137.0
2021-11-30,257.0,240.0,497.0
2021-12-01,259.0,112.0,371.0
2021-12-02,266.0,80.0,346.0
2021-12-03,181.0,80.0,261.0
2021-12-04,134.0,48.0,182.0
2021-12-05,233.0,32.0,265.0
2021-12-06,296.0,144.0,440.0
2021-12-07,337.0,0.0,337.0
2021-12-08,300.0,160.0,460.0
2021-12-09,290.0,80.0,370.0
2021-12-10,259.0,128.0,387.0
2021-12-11,207.0,0.0,207.0
2021-12-12,183.0,48.0,231.0
2021-12-13,212.0,32.0,244.0
2021-12-14,273.0,16.0,289.0
2021-12-15,227.0,32.0,259.0
2021-12-16,232.0,80.0,312.0
2021-12-17,166.0,64.0,230.0
2021-12-18,139.0,32.0,171.0
2021-12-19,158.0,0.0,158.0
2021-12-20,236.0,96.0,332.0
2021-12-21,250.0,112.0,362.0
2021-12-22,179.0,64.0,243.0
2021-12-23,184.0,16.0,200.0
2021-12-24,101.0,0.0,101.0
2021-12-25,126.0,0.0,126.0
2021-12-26,188.0,0.0,188.0
2021-12-27,235.0,0.0,235.0
2021-12-28,211.0,0.0,211.0
2021-12-29,186.0,0.0,186.0
2021-12-30,210.0,0.0,210.0
2021-12-31,100.0,0.0,100.0
2022-01-01,134.0,0.0,134.0
2022-01-02,238.0,0.0,238.0
2022-01-03,349.0,0.0,349.0
2022-01-04,287.0,0.0,287.0
2022-01-05,228.0,16.0,244.0
2022-01-06,229.0,0.0,229.0
2022-01-07,210.0,0.0,210.0
2022-01-08,138.0,0.0,138.0
2022-01-09,181.0,0.0,181.0
2022-01-10,205.0,16.0,221.0
2022-01-11,163.0,16.0,179.0
2022-01-12,158.0,0.0,158.0
2022-01-13,149.0,32.0,181.0
2022-01-14,104.0,0.0,104.0
2022-01-15,71.0,0.0,71.0
2022-01-16,114.0,0.0,114.0
2022-01-17,122.0,0.0,122.0
2022-01-18,115.0,0.0,115.0
2022-01-19,128.0,0.0,128.0
2022-01-20,86.0,16.0,102.0
2022-01-21,55.0,0.0,55.0
2022-01-22,32.0,0.0,32.0
2022-01-23,37.0,0.0,37.0
2022-01-24,76.0,0.0,76.0
2022-01-25,68.0,0.0,68.0
2022-01-26,73.0,0.0,73.0
2022-01-27,73.0,0.0,73.0
2022-01-28,67.0,0.0,67.0
2022-01-29,41.0,0.0,41.0
2022-01-30,68.0,0.0,68.0
2022-01-31,61.0,0.0,61.0
2022-02-01,81.0,0.0,81.0
2022-02-02,67.0,0.0,67.0
2022-02-03,56.0,0.0,56.0
2022-02-04,46.0,0.0,46.0
2022-02-05,45.0,0.0,45.0
2022-02-06,47.0,0.0,47.0
2022-02-07,51.0,0.0,51.0
2022-02-08,66.0,96.0,162.0
2022-02-09,75.0,0.0,75.0
2022-02-10,52.0,16.0,68.0
2022-02-11,25.0,0.0,25.0
2022-02-12,21.0,0.0,21.0
2022-02-13,11.0,0.0,11.0
2022-02-14,39.0,0.0,39.0
2022-02-15,30.0,0.0,30.0
2022-02-16,135.0,0.0,135.0
2022-02-17,53.0,0.0,53.0
2022-02-18,40.0,0.0,40.0
2022-02-19,29.0,0.0,29.0
2022-02-20,18.0,0.0,18.0
2022-02-21,24.0,0.0,24.0
2022-02-22,29.0,0.0,29.0
2022-02-23,31.0,0.0,31.0
2022-02-24,23.0,0.0,23.0
2022-02-25,15.0,0.0,15.0
2022-02-26,16.0,0.0,16.0
2022-02-27,9.0,0.0,9.0
2022-02-28,14.0,0.0,14.0
2022-03-01,32.0,0.0,32.0
2022-03-02,34.0,0.0,34.0
2022-03-03,30.0,0.0,30.0
2022-03-04,29.0,0.0,29.0
2022-03-05,11.0,0.0,11.0
2022-03-06,15.0,0.0,15.0
2022-03-07,29.0,0.0,29.0
2022-03-08,28.0,0.0,28.0
2022-03-09,19.0,0.0,19.0
2022-03-10,25.0,0.0,25.0
2022-03-11,34.0,0.0,34.0
2022-03-12,17.0,0.0,17.0
2022-03-13,19.0,0.0,19.0
2022-03-14,21.0,0.0,21.0
2022-03-15,29.0,0.0,29.0
2022-03-16,36.0,0.0,36.0
2022-03-17,15.0,0.0,15.0
2022-03-18,14.0,0.0,14.0
2022-03-19,17.0,0.0,17.0
2022-03-20,36.0,0.0,36.0
2022-03-21,25.0,0.0,25.0
2022-03-22,28.0,0.0,28.0
2022-03-23,23.0,0.0,23.0
2022-03-24,16.0,0.0,16.0
2022-03-25,10.0,0.0,10.0
2022-03-26,9.0,0.0,9.0
2022-03-27,10.0,0.0,10.0
2022-03-28,10.0,0.0,10.0
2022-03-29,22.0,0.0,22.0
2022-03-30,19.0,0.0,19.0
2022-03-31,18.0,0.0,18.0
2022-04-01,13.0,0.0,13.0
2022-04-02,14.0,0.0,14.0
2022-04-03,6.0,0.0,6.0
2022-04-04,9.0,0.0,9.0
2022-04-05,9.0,0.0,9.0
2022-04-06,15.0,0.0,15.0
2022-04-07,8.0,0.0,8.0
2022-04-08,9.0,0.0,9.0
2022-04-09,7.0,0.0,7.0
2022-04-10,6.0,0.0,6.0
2022-04-11,8.0,0.0,8.0
2022-04-12,7.0,0.0,7.0
2022-04-13,10.0,0.0,10.0
2022-04-14,8.0,0.0,8.0
2022-04-15,3.0,0.0,3.0
2022-04-16,5.0,0.0,5.0
2022-04-17,14.0,0.0,14.0
2022-04-18,19.0,0.0,19.0
2022-04-19,15.0,0.0,15.0
2022-04-20,10.0,0.0,10.0
2022-04-21,10.0,0.0,10.0
2022-04-22,6.0,0.0,6.0
2022-04-23,7.0,0.0,7.0
2022-04-24,5.0,0.0,5.0
2022-04-25,10.0,0.0,10.0
2022-04-26,11.0,0.0,11.0
2022-04-27,12.0,0.0,12.0
2022-04-28,13.0,0.0,13.0
2022-04-29,35.0,0.0,35.0
2022-04-30,49.0,0.0,49.0
2022-05-01,29.0,0.0,29.0
2022-05-02,28.0,0.0,28.0
2022-05-03,19.0,0.0,19.0
2022-05-04,19.0,16.0,35.0
2022-05-05,20.0,0.0,20.0
2022-05-06,13.0,0.0,13.0
2022-05-07,10.0,0.0,10.0
2022-05-08,10.0,0.0,10.0
2022-05-09,13.0,0.0,13.0
2022-05-10,13.0,0.0,13.0
2022-05-11,9.0,0.0,9.0
2022-05-12,10.0,0.0,10.0
2022-05-13,8.0,0.0,8.0
2022-05-14,6.0,0.0,6.0
2022-05-15,7.0,0.0,7.0
2022-05-16,11.0,0.0,11.0
2022-05-17,2.0,0.0,2.0
2022-05-18,14.0,1.0,15.0
2022-05-19,14.0,2.0,16.0
2022-05-20,5.0,0.0,5.0
2022-05-21,6.0,0.0,6.0
2022-05-22,5.0,0.0,5.0
2022-05-23,15.0,0.0,15.0
2022-05-24,10.0,0.0,10.0
2022-05-25,10.0,0.0,10.0
2022-05-26,7.0,0.0,7.0
2022-05-27,6.0,0.0,6.0
2022-05-28,0.0,134.0,134.0
2022-05-29,0.0,86.0,86.0
2022-05-30,0.0,74.0,74.0
2022-05-31,0.0,70.0,70.0
2022-06-01,0.0,59.0,59.0
2022-06-02,0.0,47.0,47.0
2022-06-03,0.0,32.0,32.0
2022-06-04,0.0,20.0,20.0
2022-06-05,0.0,20.0,20.0
2022-06-06,0.0,36.0,36.0
2022-06-07,0.0,31.0,31.0
2022-06-08,0.0,27.0,27.0
2022-06-09,0.0,30.0,30.0
2022-06-10,0.0,60.0,60.0
2022-06-11,0.0,17.0,17.0
2022-06-12,0.0,10.0,10.0
2022-06-13,0.0,20.0,20.0
2022-06-14,0.0,37.0,37.0
2022-06-15,0.0,18.0,18.0
2022-06-16,0.0,20.0,20.0
2022-06-17,0.0,28.0,28.0
2022-06-18,0.0,25.0,25.0
2022-06-19,0.0,27.0,27.0
2022-06-20,0.0,0.0,0.0
2022-06-21,0.0,0.0,0.0
2022-06-22,0.0,0.0,0.0
2022-06-23,0.0,0.0,0.0
2022-06-24,0.0,0.0,0.0
2022-06-25,0.0,0.0,0.0
2022-06-26,0.0,0.0,0.0
2022-06-27,0.0,0.0,0.0
2022-06-28,0.0,0.0,0.0
2022-06-29,0.0,0.0,0.0
2022-06-30,0.0,0.0,0.0
